rule_id,expected_sign,n_years_consistent,n_years_total,single_year_driven
151,1,3,6,False
121,1,3,6,False
26,1,3,6,False
0,1,3,6,False
140,1,4,6,False
31,1,5,6,False
182,1,2,6,False
211,1,2,6,False
231,1,2,6,False
181,1,2,6,False
